,real_close_price_test,predict_price_test_close,predict_price_test_open,predict_price_test_high,predict_price_test_low,,真_价格是否位于__到最高价和最低价之_,,真_价格位于___的概率
0,22577.9,21866.39063,21782.1582,22935.56445,20780.45898,,1,,0.789617486
1,20386.6,21347.79883,21319.79297,22440.43945,20334.23633,,1,,
2,20444.6,20789.50195,20767.23438,21846.50781,19821.11523,,1,,
3,18986.5,20344.79688,20328.57227,21353.74219,19439.20898,,0,,
4,20577.2,19160.24414,19118.31055,20103.89063,18275.89844,,0,,
5,20572.3,19342.34766,19347.33984,20283.36328,18539.05273,,0,,
6,20720.4,19969.125,20001.65625,20889.04102,19234.49609,,1,,
7,19965.8,20594.84766,20634.63867,21477.94336,19911.17969,,1,,
8,21100.7,20281.96875,20287.14258,21106.68359,19601.97461,,1,,
9,21226.9,20540.41211,20556.23438,21354.45703,19894.23047,,1,,
10,21489.9,20942.86328,20962.35742,21748.23828,20320.54883,,1,,
11,21043.5,21184.06641,21195.90039,21976.89453,20569.6543,,1,,
12,20730.2,21190.1543,21186.08594,21968.08008,20567.75,,1,,
13,20278,20886.89453,20863.375,21651.92578,20247.58594,,1,,
14,20111.3,20480.49219,20443.65039,21240.02734,19826.19336,,1,,
15,19926.6,20029.92969,19984.86133,20787.07813,19366.50195,,1,,
16,19262.9,19501.30078,19450.30469,20258.84375,18824.91797,,1,,
17,19243.2,19372.42578,19330.96875,20135.7793,18697.29102,,1,,
18,19309.9,19049.90234,19004.06445,19803.26758,18375.36523,,1,,
19,20215.8,18965.72656,18928.36914,19715.65234,18304.58203,,0,,
20,20200.6,19418.60352,19407.19727,20178.41602,18788.36914,,0,,
21,20561.1,19770.68555,19764.07227,20525.4082,19150.13477,,0,,
22,21637.8,20078.33398,20072.30664,20825.60156,19461.20117,,0,,
23,21611.2,20841.99805,20855.3418,21600.98828,20242.75,,0,,
24,21587.5,21468.42969,21479.7168,22227.68164,20866.02734,,1,,
25,20847.4,21525.19141,21513.6582,22273.10547,20898.36328,,0,,
26,19963.2,21047.02344,21006.21484,21782.92969,20381.06055,,0,,
27,19330.9,20247.25391,20182.66211,20976.4043,19543.85938,,0,,
28,20250,19470.38867,19396.98438,20200.96289,18747.88672,,0,,
29,20586,19441.02344,19395.94727,20198.14063,18739.94336,,0,,
30,20825.1,19895.91406,19878.03125,20672.04102,19222.32813,,0,,
31,21209.9,20396.61719,20389.37891,21172.02344,19741.28711,,0,,
32,20785.6,20786.70313,20780.7168,21555.51758,20139.53125,,1,,
33,22525.8,20873.78906,20855.49414,21628.54883,20219.32813,,0,,
34,23410.2,21603.86133,21611.14453,22381.42578,20972.46094,,0,,
35,23215.2,22539.83008,22562.84375,23340.89844,21919.00977,,1,,
36,23153,23198.25195,23210.59766,24003.77734,22560.41211,,1,,
37,22675.2,22958.83008,22935.33008,23754.61133,22273.60352,,1,,
38,22460.4,22808.77148,22774.74023,23612.80078,22092.16016,,1,,
39,22582.1,22355.54102,22306.82422,23165.66797,21608.41211,,1,,
40,21301.9,22317.5625,22279.05859,23146.11719,21568.75977,,0,,
41,21248.7,21626.74023,21565.16992,22446.58984,20849.54883,,1,,
42,22958.3,20951.64063,20885.27539,21769.20898,20165.05664,,0,,
43,23850,21740.01367,21731.88672,22600.22461,21005.70508,,0,,
44,23774.3,22980.44531,23006.50195,23861.78711,22288.73633,,1,,
45,23634.2,23580.31055,23591.38281,24444.19922,22886.23633,,1,,
46,23303.4,23744.74219,23735.36719,24591.05273,23034.02539,,1,,
47,23271.2,23469.66016,23438.13477,24304.75586,22734.49609,,1,,
48,22988.6,23081.29297,23039.76758,23917.99609,22329.02344,,1,,
49,22820.8,22813.01563,22771.88672,23657.89453,22053.01758,,1,,
50,22612.1,22746.78906,22712.40625,23600.37891,21990.29492,,1,,
51,23308.2,22513.94727,22475.67188,23365.62891,21756.11328,,1,,
52,22944.2,22752.86133,22733.01563,23616.43164,22015.66992,,1,,
53,23175.3,22795.32617,22771.7207,23651.7207,22062.02539,,1,,
54,23816.3,22862.41797,22839.80078,23713.52148,22135.78516,,0,,
55,23146.7,23361.02344,23355.77344,24221.16602,22654.67969,,1,,
56,23962.9,23164.92578,23138.1543,24009.76367,22439.94336,,1,,
57,23935.3,23355.00781,23339.38477,24211.32422,22632.51953,,1,,
58,24398.7,23861.44336,23857.17969,24728.79297,23147.10742,,1,,
59,24442.5,23954.28906,23940.24609,24820.03906,23230.60742,,1,,
60,24302.8,24259.73242,24248.55273,25131.42188,23535,,1,,
61,24101.7,24270.71289,24249.14844,25140.67188,23533.76367,,1,,
62,23856.8,24145.61328,24116.70508,25018.68945,23394.34375,,1,,
63,23338,23758.75391,23717.94336,24631.09375,22989.53711,,1,,
64,23203.6,23411.78906,23368.42383,24288.11914,22631.69141,,1,,
65,20831.3,23061.17383,23016.85742,23938.21875,22278.76953,,0,,
66,21138.9,21627.39258,21540.81055,22475.78906,20795.95313,,1,,
67,21517.2,20861.75977,20788.67773,21714.38086,20039.70508,,1,,
68,21416.3,20952.86914,20916.21094,21820.67188,20177.48828,,1,,
69,21517.2,20948.50391,20920.50977,21804.60156,20202.28516,,1,,
70,21365.2,21047.13086,21027.37305,21887.85742,20326.86328,,1,,
71,21565.4,21165.82813,21149.30664,21987.55859,20465.48047,,1,,
72,20249.9,21300.9375,21286.9707,22106.56055,20619.28711,,0,,
73,20033.9,20709.11914,20667.67969,21484.52148,20008.05859,,1,,
74,19550.2,20032.37891,19978.83008,20791.58203,19323.57617,,1,,
75,20295.8,19574.61523,19523.24805,20328.6582,18873.17773,,1,,
76,19792.6,19708.16016,19681.43945,20473.5,19040.07031,,1,,
77,20043.9,19714.76367,19689.50195,20472.08008,19059.42383,,1,,
78,20126.1,19823.29297,19802.98633,20573.46484,19184.49609,,1,,
79,19952.7,19788.99219,19765.29883,20528.26367,19156.36133,,1,,
80,19831.4,19821.72461,19798.07617,20553.24609,19194.62695,,1,,
81,19999.9,19689.1543,19658.67383,20409.41797,19061.23047,,1,,
82,19793.1,19659.64648,19630.83398,20376.52539,19036.57227,,1,,
83,18786.4,19619.1543,19589.06641,20330.9082,18997.64258,,0,,
84,19281.5,19158.57617,19110.76172,19855.73242,18518.57422,,1,,
85,19317.4,18908.5,18864.66406,19609.10938,18270.53906,,1,,
86,21365.2,18962.16797,18929.80664,19669.27148,18336.9375,,0,,
87,21650.4,20073.77539,20091.43164,20819.45508,19498.09375,,0,,
88,21834.9,21082.1543,21108.90625,21834.35352,20522.86719,,0,,
89,22395.3,21496.10156,21502.89648,22235.33789,20919.52734,,0,,
90,20175.5,21922.70508,21923.24219,22664.93164,21330.61914,,0,,
91,20222.5,21066.46875,21012.94141,21787.60742,20398.23438,,0,,
92,19701.7,20155.9707,20083.4668,20880.4043,19443.67578,,1,,
93,19802.4,19645.35742,19578.25781,20385.92969,18920.89063,,1,,
94,20113.5,19391.68164,19336.08594,20144.45508,18674.62109,,1,,
95,19418.8,19590.01758,19556.03711,20353.39453,18899.52734,,1,,
96,19538.9,19411.24414,19369.98828,20158.87109,18724.05664,,1,,
97,18872.4,19042.0957,18995.29102,19777.60742,18353.07617,,1,,
98,18489,18849.00195,18805.04297,19575.7793,18165.00586,,1,,
99,19404,18606.75,18562.95117,19324.04883,17928.78516,,0,,
100,19293.5,18756.14063,18731.06055,19480.37891,18105.04492,,1,,
101,18925.2,18863.82813,18843.19727,19584.11523,18225.45508,,1,,
102,18803.2,18830.28906,18804.65625,19536.52344,18195.70117,,1,,
103,19225.7,18702.1875,18671.4375,19395.13086,18071.65625,,1,,
104,19081,18809.70313,18787.29297,19502.41797,18195.26367,,1,,
105,19411,19098.95703,19085.39648,19794.9707,18498.95117,,1,,
106,19593,19083.2168,19062.91602,19775.98633,18481.38672,,1,,
107,19423,19161.98242,19142.23438,19857.26563,18559.69141,,1,,
108,19311.9,19335.02539,19316.83594,20032.39063,18732.61719,,1,,
109,19052.2,19194.89453,19164.57031,19883.80664,18582.70313,,1,,
110,19628.3,18980.42383,18942.25195,19663.85742,18360.47266,,1,,
111,20340.2,19124.1875,19097.91797,19817.57813,18515.18164,,0,,
112,20157.5,19667.52734,19661.13672,20377.25977,19078.47266,,1,,
113,19956.7,19867.51367,19853.4043,20573.07813,19271.95117,,1,,
114,19531.3,19894.69336,19870.63672,20593.72266,19287.06836,,1,,
115,19415,19561.13867,19519.54102,20250.64648,18931.7793,,1,,
116,19441,19272.00977,19225.70508,19961.28906,18633.06641,,1,,
117,19134.6,19177.94336,19136.83594,19872.08008,18542.63281,,1,,
118,19059.1,19013.27344,18970.71289,19705.22266,18377.91797,,1,,
119,19154.8,18841.17578,18798.38867,19529.79297,18207.99023,,1,,
120,19379.8,18836.29688,18800.13477,19524.64063,18213.8457,,1,,
121,19181.8,18799.14648,18766.63086,19488.56055,18180.06641,,1,,
122,19068.7,19044.50195,19022.2168,19736.97852,18434.87891,,1,,
123,19261.9,18933.60547,18901.60742,19613.95703,18319.99023,,1,,
124,19548.2,18985.39844,18957.04297,19664.22461,18378.88867,,1,,
125,19328.2,19166.48438,19144.70508,19848.08594,18570.08398,,1,,
126,19123.9,19174.26172,19147.4707,19851.1875,18575.1875,,1,,
127,19042.9,19033.38477,18998.5957,19703.2793,18427.9668,,1,,
128,19162.6,18906.88672,18869.6875,19574.72852,18299.67969,,1,,
129,19204.8,18822.88672,18786.95313,19492.74609,18216.59961,,1,,
130,19571.2,18902.89648,18872.70117,19575.6543,18303.44727,,1,,
131,19331.5,19127.80469,19106.09961,19805.97266,18538.15234,,1,,
132,20082.7,19155.41602,19128.24609,19828.37891,18561.66797,,0,,
133,20769.5,19546.39844,19533.375,20231.69336,18963.57813,,0,,
134,20292.9,20195.9375,20197.48242,20896.19531,19626.07813,,1,,
135,20594.4,20302.91211,20286.55078,20995.68164,19713.69336,,1,,
136,20809.8,20300.07813,20274.58008,20994.14258,19694.16602,,1,,
137,20626.3,20518.18945,20496.43945,21223.58203,19907.44727,,1,,
138,20496.3,20495.76563,20464.85547,21203.0293,19870.39844,,1,,
139,20483.5,20344.57617,20305.63672,21053.8457,19703.94336,,1,,
140,20154.4,20263.60938,20224.15039,20978.38477,19616.25195,,1,,
141,20206.4,20106.11523,20063.00977,20822.79688,19450.57813,,1,,
142,21145.9,19975.48438,19932.69531,20694.40039,19318.67969,,0,,
143,21301.6,20429.29297,20411.49805,21169.37305,19794.29102,,0,,
144,20916.3,20910.42578,20900.39063,21656.36133,20285.75195,,1,,
145,20589,20886.4375,20859.62695,21619.54492,20247.21484,,1,,
146,18527.4,20570.30664,20527.57422,21293.42188,19911.23828,,0,,
147,15886.9,19092.70313,19000.83984,19792.42188,18363.49414,,0,,
148,17589.1,17057.37695,16921.49219,17733.92383,16256.34766,,1,,
149,17049.9,16697.79102,16615.68555,17421.41797,15936.14746,,1,,
150,16795.2,16633.07227,16578.92188,17370.78906,15908.75879,,1,,
151,16324.5,16536.77148,16493.17773,17258.66602,15845.9043,,1,,
152,16613.7,16320.93164,16278.57715,17013.6582,15658.21387,,1,,
153,16895.1,16283.69336,16252.85254,16958.88477,15656.94824,,1,,
154,16540.5,16517.29492,16502.62695,17180.0918,15931.47363,,1,,
155,16691.2,16508.28906,16490.58984,17146.87695,15943.22461,,1,,
156,16638.3,16477.41211,16458.94922,17097.77734,15931.71582,,1,,
157,16699.2,16500.51172,16483.21289,17108.01367,15972.25684,,1,,
158,16286.7,16528.77539,16511.69922,17126.02344,16014.83984,,1,,
159,15776.2,16343.31641,16316.90625,16926.84961,15830.02441,,0,,
160,16212.9,15888.04102,15846.67773,16457.48828,15364.84961,,1,,
161,16623.9,15803.46875,15771.15918,16378.60254,15290.99121,,0,,
162,16601.2,16091.32227,16076.59766,16677.04688,15599.90234,,1,,
163,16512.3,16323.47656,16312.45508,16907.18555,15841.76074,,1,,
164,16456.5,16332.5957,16314.20703,16906.2793,15848.27441,,1,,
165,16425.6,16321.37012,16298.89551,16888.91602,15834.72363,,1,,
166,16211.7,16286.84473,16261.19434,16850.25,15798.52637,,1,,
167,16440.4,16110.82715,16077.99902,16669.08203,15614.94824,,1,,
168,17163.9,16107.16797,16078.60254,16669.35938,15613.66406,,0,,
169,16972,16496.88086,16486.73828,17074.8457,16020.08594,,1,,
170,17093.6,16737.58789,16727.03711,17316.01758,16260.7373,,1,,
171,16884.5,16796.44727,16779.22656,17371.04883,16311.84961,,1,,
172,17112.6,16769.78516,16745.49805,17340.78125,16274.57422,,1,,
173,16966.5,16814.19141,16790.07422,17388.01563,16315.19434,,1,,
174,17089.3,16841.44922,16815.64258,17416.89063,16336.5459,,1,,
175,16835.2,16819.2832,16790.91406,17395.2832,16308.99121,,1,,
176,17225.7,16708.59961,16675.00977,17282.95898,16189.49023,,1,,
177,17125.7,16794.61328,16767.70703,17376.54492,16278.47266,,1,,
178,17127.2,16886.99609,16861.73438,17470.82227,16370.94922,,1,,
179,17093.3,16912.27344,16884.9668,17493.86523,16394.51758,,1,,
180,17210.4,16911.83594,16882.8418,17491.40234,16392.74023,,1,,
181,17778.6,16887.88672,16858.05469,17467.66406,16367.4043,,0,,
182,17796.4,17210.13281,17194.86133,17803.43945,16701.19531,,1,,
183,17356.1,17575.30859,17565.80078,18175.57813,17070.82617,,1,,
184,16629.6,17413.82617,17385.56055,18004.03125,16889.52734,,0,,
185,16777.1,16900.95313,16851.43359,17481.07617,16348.90723,,1,,
186,16741.1,16562.32227,16511.58398,17146.15039,16004.25,,1,,
187,16441.3,16461.93164,16419.02344,17052.58789,15910.64355,,1,,
188,16902.8,16306.75781,16264.42578,16895.55469,15757.89941,,0,,
189,16831.8,16424.98633,16395.61914,17019.94727,15891.22949,,1,,
190,16820.6,16537.04492,16512.05664,17129.16992,16012.56348,,1,,
191,16779.1,16537.50195,16510.73633,17122.02148,16015.7666,,1,,
192,16837.2,16575.22656,16549.23438,17154.12109,16058.01172,,1,,
193,16831.8,16596.52734,16570.51367,17170.51367,16083.68164,,1,,
194,16918.1,16593.11719,16566.26172,17163.01367,16083,,1,,
195,16706.1,16639.97852,16614.86719,17208.89258,16134.31641,,1,,
196,16546.2,16577.70117,16548.52344,17142.87109,16069.28711,,1,,
197,16636.4,16438.11914,16404.13867,16999.60156,15925.17871,,1,,
198,16607.2,16376.11719,16343.39746,16938.52148,15864.7168,,1,,
199,16537.4,16321.44922,16289.36133,16884.25586,15810.86133,,1,,
200,16618.4,16311.50098,16280.96484,16873.90234,15803.00098,,1,,
201,16674.3,16331.32422,16302.82324,16893.07422,15826.52734,,1,,
202,16674.2,16398.42383,16372.79492,16960.16797,15898.2168,,1,,
203,16852.1,16443.14063,16417.75586,17003.17578,15945.18652,,1,,
204,16829.8,16552.74609,16530.58984,17114.55273,16059.27148,,1,,
205,16950.9,16598.47852,16574.7207,17158.9668,16104.83496,,1,,
206,16943.6,16650.55859,16626.85156,17212.21875,16156.70215,,1,,
207,17119,16701.87109,16677.47656,17264.07031,16206.87891,,1,,
208,17180.1,16788.01172,16764.97852,17352.95117,16293.43652,,1,,
209,17439.1,16933.61914,16912.95508,17502.44922,16440.01172,,1,,
210,17942.3,17082.13086,17062.91016,17655.44922,16588.58203,,0,,
211,18851.3,17398.28711,17387.02148,17982.9375,16909.0918,,0,,
212,19927,18101.73242,18109.43164,18708.78125,17625.85547,,0,,
213,20958.2,19029.06641,19052.87109,19660.375,18563.13281,,0,,
214,20879.8,20156.09375,20192.00391,20812.40234,19693.80469,,0,,
215,21184.2,20624.5332,20635.57617,21281.85938,20127.29688,,1,,
216,21137.1,20892.92969,20886.24219,21559.76953,20358.01758,,1,,
217,20670.6,20987.80469,20965.34375,21667.36523,20414.11328,,1,,
218,21081.2,20752.14844,20709.85547,21442.15234,20133.6875,,1,,
219,22677.2,20704.77344,20662.87695,21416.29883,20064.88477,,0,,
220,22775.7,21539.55078,21534.48438,22299.66211,20915.7793,,0,,
221,22707.8,22385.40625,22387.97266,23167.32227,21758.99805,,1,,
222,22915.5,22506.17383,22484.38477,23283.49023,21846.30664,,1,,
223,22632.5,22624.34961,22595.24023,23407.73438,21941.55664,,1,,
224,23055.1,22547.86328,22508.32617,23335.49023,21840.78516,,1,,
225,23016,22741.11914,22710.63281,23548.2207,22028.37109,,1,,
226,23074.6,22780.83984,22746.8125,23596.14648,22057.7168,,1,,
227,23027.9,22783.23047,22748.19336,23606.03516,22051.37695,,1,,
228,23753.1,22763.80859,22727.49414,23589.76758,22026.11523,,0,,
229,22832.2,23178.07813,23160.02344,24020.54492,22454.0625,,1,,
230,23125.1,22896.94531,22857.68555,23729.0332,22148.51758,,1,,
231,23725.6,22788.86523,22751.59766,23623.90625,22036.11523,,0,,
232,23427.6,23091.6875,23072.06641,23942.16211,22351.71094,,1,,
233,23431.2,23356.07813,23338.34375,24207.92188,22619.17969,,1,,
234,23323.8,23252.26953,23222.94336,24095.2793,22507.45898,,1,,
235,22936,23156.68359,23124.29688,23996.89258,22409.76367,,1,,
236,22761.8,22850.98828,22810.15234,23685.82422,22095.66211,,1,,
237,23251.7,22607.55859,22566.7207,23441.84766,21851.88672,,1,,
238,22964.6,22770.77734,22746.46289,23615.72266,22033.63281,,1,,
239,21792.5,22763.73242,22737.52344,23605.46289,22029.67578,,0,,
240,21635,22088.87695,22036.70898,22910.07227,21329.19141,,1,,
241,21859.8,21519.25195,21463.66797,22334.16797,20754.86328,,1,,
242,21786.8,21455.59961,21417.98438,22277.73438,20713.73047,,1,,
243,21772.6,21510.63672,21482.69727,22330.81055,20789.99805,,1,,
244,22198.5,21445.96875,21417.58594,22255.38867,20736.90039,,1,,
245,24327.9,21693.03906,21677.41992,22502.33203,21004.19531,,0,,
246,23539.6,23003.71094,23037.04492,23846.78906,22366.4375,,1,,
247,24573.5,23788.29883,23809.90234,24625.11523,23144.98438,,1,,
248,24631.4,24155.77344,24162.20508,24990.92578,23493.57813,,1,,
249,24302.9,24461.79102,24457.34375,25301.87891,23779.04492,,1,,
250,24839.5,24427.50781,24405.22461,25270.18555,23715.12695,,1,,
251,24450.7,24411.64258,24386.94922,25271.71094,23679.55273,,1,,
252,24186.6,24381.68945,24353.01367,25256.24023,23628.625,,1,,
253,23936.3,23934.86328,23890.35352,24811.99805,23151.04102,,1,,
254,23191.5,23774.04102,23734.625,24662.42773,22980.28906,,1,,
255,23166.1,23233.01367,23180.8457,24116.82617,22419.29102,,1,,
256,23558.7,22814.18945,22764.12305,23697.94531,21999.10547,,1,,
257,23494.1,23026.63672,23001.54883,23921.88672,22239.42383,,1,,
258,23130.5,23180.60938,23161.16406,24070.54883,22410.57031,,1,,
259,23642.2,23026.00781,22997.39648,23898.35938,22258.3418,,1,,
260,23465.4,23212.2832,23196.06641,24084.87891,22463.83594,,1,,
261,22354.4,23241.85742,23222.92578,24106.10547,22499.28711,,0,,
262,22347.1,22559.29102,22513.11523,23401.00195,21790.28906,,1,,
263,22428.3,22119.71289,22074.29688,22957.3418,21350.16797,,1,,
264,22410,22103.79297,22073.75977,22946.81445,21354.42383,,1,,
265,22197.8,22140.89063,22117.05078,22979.86719,21409.75195,,1,,
266,21710.8,22008.48828,21980.52344,22835.39648,21284.36133,,1,,
267,20361.8,21701.25977,21664.76172,22513.27539,20976.41016,,0,,
268,20156.7,20754.20898,20690.39258,21542.00195,20002.34375,,1,,
269,20467.5,19947.90625,19880.73047,20728.45117,19191.00195,,1,,
270,21994.8,19928.69141,19889.92383,20722.33594,19203.17188,,0,,
271,24114.4,20841.24414,20850.73242,21661.94727,20173.01563,,0,,
272,24699.7,22738.04883,22802.86328,23592.69531,22137.58984,,0,,
273,24282.7,24535.57031,24607.81836,25394.21289,23957.4082,,1,,
274,25004.1,24524.10352,24530.90039,25346.26953,23886.63867,,1,,
275,27391.8,24674.22461,24667.44141,25505.90234,24003.26758,,0,,
276,26914.5,26248.76563,26291.4043,27146.14063,25600.1582,,1,,
277,27958.7,26898.57617,26912.29688,27809.44727,26207.18164,,0,,
278,27720.5,27508.78906,27514.82031,28444.47852,26783.06836,,1,,
279,28114,27608.84375,27592.30469,28561.57813,26830.57813,,1,,
280,27261.7,27740.20313,27720.42188,28719.59375,26925.57031,,1,,
281,28310.7,27346.24219,27307.39258,28341.17773,26479.21875,,1,,
282,27462.2,27718.58203,27706.83398,28753.6582,26849.05078,,1,,
283,27475.6,27368.25586,27336.91797,28408.32422,26464.22266,,1,,
284,27973.5,27170.32422,27141.46875,28217.49609,26255.82031,,1,,
285,27129.8,27477.14258,27469.45313,28539.09961,26581.125,,1,,
286,27262.2,27008.69141,26980.56055,28056.35938,26093.89844,,1,,
287,28350.4,26832.54492,26812.54883,27879.85547,25922.04883,,0,,
288,28029.5,27651.02539,27671.8457,28720.41016,26783.94141,,1,,
289,28473.7,27992.06641,28005.12109,29051.78711,27131.25391,,1,,
290,28456.1,28014.58203,28018.19727,29065.01953,27149.54102,,1,,
291,28198.3,28236.15625,28243.0625,29286.5918,27375.48828,,1,,
292,27802.1,27981.93945,27974.10547,29022.36523,27108.05469,,1,,
293,28164.4,27607.74219,27593.56445,28645.83594,26719.6543,,1,,
294,28173.5,27768.84961,27772.71875,28820.02344,26894.40234,,1,,
295,28036.7,27934.99414,27943.07813,28989.54297,27069.62891,,1,,
296,27910.4,27738.21875,27734.68164,28783.25586,26867.14844,,1,,
297,27941.2,27650.13281,27646.92578,28691.9375,26782.07227,,1,,
298,28326.6,27682.58594,27683.42188,28722.96094,26825.09375,,1,,
299,29641,27907.0293,27916.95313,28950.5293,27065.20117,,0,,
300,30209.6,28841.44727,28881.39063,29906.56641,28032.14063,,0,,
301,29886.4,29797.75977,29842.33203,30868.85742,29000.77734,,1,,
302,30387.4,29822.52539,29834.49219,30877.49023,28993.83984,,1,,
303,30472.5,30028.70508,30041.24805,31093.16992,29186.58398,,1,,
304,30299.6,30228.7832,30241.93359,31308.19922,29373.26367,,1,,
305,30310.3,30110.86133,30113.46289,31196.70703,29233.16211,,1,,
306,29434.9,30041.50977,30044.79688,31138.70117,29152.0293,,1,,
307,30382.2,29401.18359,29385.86328,30496.38672,28479.7207,,1,,
308,28813.7,29656.68555,29673.45898,30780.99414,28750.26172,,1,,
309,28240.5,28997.67969,28987.52539,30110.99609,28057.16602,,1,,
310,27264.8,28170.21875,28149.29492,29275.53711,27208.23047,,1,,
311,27813.9,27294.45898,27268.81445,28392.87305,26322.6875,,1,,
312,27591.4,27230.85547,27234.59375,28340.19922,26294.98047,,1,,
313,27509.3,27233.90234,27245.2793,28333.55078,26327.91797,,1,,
314,28298.8,27189.4707,27201.37109,28271.68164,26305.76172,,0,,
315,28424.6,27618.94727,27649.49023,28698.87109,26770.33594,,1,,
316,29475.9,28240.32422,28281.64844,29319.66406,27412.75781,,0,,
317,29321.8,28974.57422,29022.51758,30054.95313,28163.98047,,1,,
318,29234.1,29099.39258,29124.5,30164.87891,28272.38477,,1,,
319,29252.1,29043.51172,29055.16406,30101.89648,28199.21484,,1,,
320,28077.6,29169.27539,29183.17969,30234.47461,28320.91992,,0,,
321,28669.1,28203.92773,28181.16211,29255.89844,27307.92188,,1,,
322,29023.6,28179.35352,28182.38477,29256.85547,27291.21094,,1,,
323,28842.1,28475.23633,28495.0918,29570.78906,27601.54883,,1,,
324,29513.2,28646.87109,28663.32422,29739.03906,27775.99219,,1,,
325,28857.1,29023.875,29047.83984,30118.06836,28166.16211,,1,,
326,28424.8,28789.20703,28792.81836,29870.37109,27912.37109,,1,,
327,27670.5,28403.22656,28396.13477,29476.34961,27511.13086,,1,,
328,27634.9,27629.02539,27607.13281,28693.91211,26714.18555,,1,,
329,27603.3,27298.07422,27288.09961,28368.99805,26390.6875,,1,,
330,26983.5,27252.83594,27256.67578,28329.72656,26362.04883,,1,,
331,26799.2,26844.66406,26837.39648,27905.91406,25951.99609,,1,,
332,26777.5,26324.78516,26312.41797,27373.68555,25429.76172,,1,,
333,26920,26462.7793,26469.33594,27510.9043,25594.82617,,1,,
334,27183.9,26581.36328,26591.98633,27617.94141,25736.40039,,1,,
335,27035.3,26876.91016,26894.68164,27905.81445,26055.76563,,1,,
336,27403.1,26836.93945,26843.18164,27847.75977,26019.96484,,1,,
337,26828,26911.5625,26919.96484,27918.42383,26101.72461,,1,,
338,26882.9,26702.77344,26699.26172,27699.37305,25880.98828,,1,,
339,27116.2,26657.32813,26655.22852,27652.20313,25836.36523,,1,,
340,26749.9,26753.76367,26756.23438,27749.91016,25941.12305,,1,,
341,26847.3,26644,26638.5,27633.12695,25827.79297,,1,,
342,27220.7,26558.51367,26551.80273,27545.45313,25743.1582,,1,,
343,26328.4,26840.93945,26846.55664,27835.83984,26039.9668,,1,,
344,26475.8,26360.42969,26340.81836,27339.44922,25534.91797,,1,,
345,26711.5,26081.13281,26063.11719,27061.61328,25249.63672,,1,,
346,26857.5,26311.44336,26310.78711,27302.89453,25495.31445,,1,,
347,28071.2,26480.66211,26481.45703,27469.50781,25672.97461,,0,,
348,27739.4,27315.87695,27343.4043,28322.25977,26536.91211,,1,,
349,27698.2,27655.90234,27669.0332,28653.67188,26868.33984,,1,,
350,27216.1,27577.60938,27572.26172,28564.93945,26770.37109,,1,,
351,26819,27126.65234,27104.17383,28109.54297,26291.00586,,1,,
352,27244.7,26710.83594,26684.86523,27698.25586,25858.01367,,1,,
353,27072,26723.07031,26713.21484,27727.06836,25877.4707,,1,,
354,27122.3,26792.50781,26786.92773,27800.2793,25952.21094,,1,,
355,25747.4,26858.17383,26853.55664,27863.44336,26024,,0,,
356,27230.2,25951.0332,25912.32031,26932.69336,25080.38477,,0,,
357,26342.5,26297.89844,26301.0625,27310.86328,25455.42969,,1,,
358,26501.1,26316.14648,26313.54102,27325.99805,25470.54102,,1,,
359,26479.3,26242.49609,26235.75195,27244.18164,25398.58203,,1,,
360,25844,26248.875,26243.20703,27245.27734,25413.64258,,1,,
361,25928.4,25758.22266,25735.31055,26738.88867,24910.49805,,1,,
362,25906.8,25645.10352,25630.9668,26626.33789,24808.11719,,1,,
363,25929.4,25591.58203,25581.44922,26569.69141,24766.86328,,1,,
364,25129.5,25714.44141,25711.15234,26690.16797,24906.03516,,1,,
365,25591.3,25172.23633,25146.64648,26127.84375,24348.16797,,1,,
366,26341.3,25109.09961,25096.17773,26069.625,24296.94727,,0,,
367,26515,25660.43164,25673.35742,26636.63867,24876.75781,,1,,
368,26339.7,26175.60938,26191.41406,27148.83398,25404.94531,,1,,
369,26845.9,26227.04297,26225.56445,27183.35352,25447.77734,,1,,
370,28307.7,26472.55859,26474.34375,27430.55078,25696.54297,,0,,
371,29996.9,27455.10156,27486.54688,28441.25586,26702.91211,,0,,
372,29890.5,29301.04883,29369.0957,30326.48047,28580.9375,,1,,
373,30679.4,29850.17188,29876.47266,30866.21094,29089.33984,,1,,
374,30533.6,30450.3418,30470.10352,31484.55078,29660.7168,,1,,
375,30465.3,30377.07617,30371.55664,31423.04688,29538.14063,,1,,
376,30267,30362.32813,30354.60156,31432.75391,29490.88281,,1,,
377,30689.1,30040.77539,30024.81641,31129.76758,29135.95898,,1,,
378,30078.6,30296.04883,30301.0625,31416.40039,29391.23438,,1,,
379,30445.7,29927.82031,29916.9043,31050.92969,28997.44336,,1,,
380,30472.9,30079.28125,30085.9043,31218.91602,29155.65625,,1,,
381,30586.8,30144.59766,30155.33789,31292.53125,29220.77344,,1,,
382,30617.7,30197.19336,30209.12305,31345.27539,29274.63281,,1,,
383,31151.3,30216.09961,30228.92773,31361.56055,29295.15234,,1,,
384,30768.4,30690.75195,30721.67383,31843.9707,29789.30859,,1,,
385,30512.8,30619.68555,30636.03906,31760.80078,29709.58398,,1,,
386,29913.1,30260.39453,30266.19922,31392.55664,29336.20898,,1,,
387,30346.4,30072.18945,30082.4668,31207.68359,29144.82422,,1,,
388,30288.8,29879.86133,29894.8457,31020.8457,28957.47852,,1,,
389,30166.9,29908.72656,29931.35352,31054.03125,28997.49023,,1,,
390,30415.3,29892.4375,29914.32617,31031.7832,28988.63477,,1,,
391,30623.3,30127.07227,30158.2793,31267.2793,29238.88477,,1,,
392,30387.3,30275.00195,30304.9082,31410.38086,29394.94141,,1,,
393,31466.1,30226.25977,30248.45898,31353.86133,29343.08398,,0,,
394,30317.4,30844.10742,30891.02734,31989.95508,29983.11914,,1,,
395,30291.4,30373.16016,30386.2168,31503.48047,29474.66992,,1,,
396,30235.5,30034.01367,30043.94141,31163.84766,29121.12695,,1,,
397,30139.7,29927.10156,29944.19336,31063.30859,29017.42188,,1,,
398,29866.8,29746.41797,29763.16211,30882.17188,28836.83594,,1,,
399,29909.7,29591.0625,29607.61719,30723.21094,28682.32227,,1,,
400,29801,29625.63477,29647.91992,30755.44922,28728.21289,,1,,
401,29903.1,29617.37305,29639.16211,30741.32227,28727.79492,,1,,
402,29788.9,29594.18164,29615.10156,30712.05078,28712.61133,,1,,
403,30085.9,29510.01367,29527.92969,30620.90234,28632.45313,,1,,
404,29178.1,29726.49219,29754.24219,30839.88281,28863.63477,,1,,
405,29228.6,29137.70898,29139.52734,30233.25977,28249.48828,,1,,
406,29352.2,28914.57422,28922.76367,30011.68945,28027.10352,,1,,
407,29222.7,29036.25586,29057.18164,30139.21875,28164.01367,,1,,
408,29315,28985.12109,29001.86133,30081.23047,28117.18945,,1,,
409,29353.5,29013.79102,29031.67969,30105.67383,28153.56445,,1,,
410,29281.7,29035.88477,29052.64453,30121.9668,28181.97852,,1,,
411,29232.4,28971.30273,28984.34375,30050.7832,28118.01758,,1,,
412,29712.2,28983.68945,28997.5293,30059.92773,28133.33203,,1,,
413,29173.7,29065.19336,29084.40234,30145.69531,28216.84766,,1,,
414,29189.3,29089.10742,29104.39453,30167.6543,28231.63672,,1,,
415,29105.5,28925.52344,28933.3418,29998.71484,28058.23828,,1,,
416,29068.1,28815.36719,28822.87109,29888.55664,27945,,1,,
417,29081.3,28767.16016,28775.79883,29839.84961,27899.21484,,1,,
418,29204.2,28783.77734,28794.34961,29855.21094,27921.9707,,1,,
419,29777.4,28776.9707,28788.00195,29847.14063,27918.41211,,1,,
420,29578,29349.29492,29380.84961,30432.88867,28512.09375,,1,,
421,29449,29420.04492,29437.53711,30495.69141,28574.55273,,1,,
422,29420.8,29261.77344,29267.77734,30331.01563,28403.25586,,1,,
423,29428.2,29138.11328,29142.78906,30208.72461,28273.76367,,1,,
424,29300.1,29128.03516,29135.89258,30202.09766,28265.20508,,1,,
425,29426.7,29046.52539,29052.36914,30119.40625,28182.63477,,1,,
426,29195.3,29096.54102,29107.36133,30172.85156,28237.17383,,1,,
427,28726.3,28967.83203,28972.95313,30040.13672,28103.89258,,1,,
428,26635.7,28612.82617,28608.54297,29677.95117,27737.70703,,0,,
429,26053.2,26836.43359,26783.37109,27875.94141,25889.69336,,1,,
430,26099.4,25892.95508,25854.9375,26943.07031,24935.21289,,1,,
431,26190.8,25654.55078,25643.83984,26715.86719,24727.48438,,1,,
432,26126,25745.53711,25752.20703,26801.62891,24860.01367,,1,,
433,26039.9,25739.38867,25746.39453,26773.39648,24884.00781,,1,,
434,26436.2,25624.12305,25627.29102,26634.11133,24788.00195,,1,,
435,26177,26013.26758,26032.98047,27017.01953,25210.43555,,1,,
436,26057.2,26005.27148,26013.25977,26987.35156,25208.9375,,1,,
437,26017.1,25847.32031,25845.86133,26812.99609,25051.7207,,1,,
438,26100.6,25804.68945,25802.64844,26762.79883,25016.37891,,1,,
439,26118.9,25830.26367,25829.11523,26784.15625,25051.09375,,1,,
440,27723.9,25831.86133,25828.7793,26781.36719,25057.19922,,0,,
441,27298.8,26841.59766,26877.35156,27822.00586,26102.375,,1,,
442,25937.3,27156.23242,27171.62305,28127.93945,26400.51953,,0,,
443,25803.2,26310.48633,26278.25195,27257.23047,25494.04297,,1,,
444,25869.7,25618.02148,25579.02344,26568.80859,24772.57813,,1,,
445,25971,25551.47266,25531.03906,26520.38477,24714.87891,,1,,
446,25823.3,25630.57227,25619.56836,26605.80078,24808.9707,,1,,
447,25790.2,25576.37695,25562.72852,26545.11523,24761.36133,,1,,
448,25758,25484.26953,25468.54688,26444.60938,24675.06836,,1,,
449,26249.8,25452.64844,25438.82422,26407.94922,24650.52539,,1,,
450,25909.5,25771.14453,25771.43359,26731.47656,24987.24023,,1,,
451,25901.1,25764.05273,25755.21875,26714.64258,24976.41016,,1,,
452,25840.2,25654.18164,25639.02539,26596.46289,24863.10742,,1,,
453,25166.4,25570.50195,25554.47461,26509.98438,24779.13477,,1,,
454,25834.5,25132.56445,25103.13086,26062.70508,24324.95508,,1,,
455,26223,25450.22656,25446.13281,26398.95508,24662.62109,,1,,
456,26524.7,25808.15234,25811.55859,26763.64063,25033.78516,,1,,
457,26601,26183.13867,26188.42383,27139.73242,25415.99219,,1,,
458,26562,26323.33789,26320.15039,27275.01172,25550.03516,,1,,
459,26529.1,26365.64844,26355.55273,27313.88867,25583.85938,,1,,
460,26763.5,26289.61523,26273.20313,27235.94141,25498.43945,,1,,
461,27209.2,26548.64063,26543.12891,27507.25977,25762.70703,,1,,
462,27125,26832.57813,26831.74023,27801.68164,26049.48242,,1,,
463,26570,26873.01953,26863.98242,27843.18945,26078.59375,,1,,
464,26581.9,26498.89063,26472.64844,27463.11328,25678.4043,,1,,
465,26579.2,26331.46094,26308.20117,27300.84766,25504.875,,1,,
466,26251.5,26277.57422,26259.05664,27251.39648,25453.9043,,1,,
467,26302.7,26096.7832,26075.18945,27067.9707,25270.71484,,1,,
468,26218.9,25962.34961,25942.77344,26932.5293,25139.10742,,1,,
469,26366.1,25932.12891,25916.55273,26900.65039,25115.50586,,1,,
470,27022.6,26104.28711,26097.67383,27074.37695,25300.77539,,1,,
471,26909.8,26544.4375,26551.50195,27521.76563,25759.70898,,1,,
472,26962.7,26695.74414,26694.78711,27666.49609,25908.92578,,1,,
473,27974.5,26732.42969,26725.04883,27697.61523,25940.91797,,0,,
474,27505.3,27333.10742,27346.75977,28316.51367,26558.37891,,1,,
475,27428.4,27537.64844,27539.93555,28520.6582,26748.9082,,1,,
476,27790.9,27248.69336,27231.58789,28225.74414,26433.40039,,1,,
477,27410.3,27348.7832,27341.53125,28340.55273,26530.45313,,1,,
478,27936.9,27341.44531,27331.20313,28338.37695,26513.49609,,1,,
479,27961.1,27493.54492,27490.99805,28502.5625,26666.55664,,1,,
480,27922.7,27655.53125,27653.5957,28669.15039,26827.9082,,1,,
481,27581.4,27642.0918,27634.47852,28653.95117,26807.90039,,1,,
482,27391,27371.62695,27354.25586,28379.02148,26522.29102,,1,,
483,26876.6,27191.33594,27174.83203,28199.79688,26337.11719,,1,,
484,26761.1,26722.35156,26696.98438,27725.89258,25854.4082,,1,,
485,26863.5,26462.76367,26442.89258,27467.86523,25597.25195,,1,,
486,26852.8,26538.88867,26532.49023,27548.23828,25691.4082,,1,,
487,27161.2,26565.53125,26560.625,27568.38477,25731.63086,,1,,
488,28509.7,26767.11914,26769.80664,27767.69922,25951.30469,,0,,
489,28403.6,28079.51953,28126.62305,29110.95508,27311.92578,,1,,
490,28321.7,28196.55078,28210.30273,29210.64453,27409.36914,,1,,
491,28723,28238.50391,28240.4043,29249.55664,27433.16211,,1,,
492,29674.5,28355.95898,28358.59961,29376.25781,27541.19141,,0,,
493,29912.9,29153.0957,29181.21289,30203.14258,28351.38672,,1,,
494,29984.2,29624.04297,29644.94922,30682.44727,28810.9707,,1,,
495,33041.8,29733.35156,29739.73828,30793.33594,28896.51367,,0,,
496,33917,32065.2832,32153.69336,33202.10547,31284.02344,,0,,
497,34496.8,33780.78125,33858.27344,34941.98438,32989.51953,,1,,
498,34153.7,34304.20703,34339.64453,35469.86719,33455.40625,,1,,
499,33901.8,34047.92969,34052.42969,35227.62891,33126.60547,,1,,
500,34082.6,33591.625,33590.875,34799.60547,32614.03906,,1,,
501,34526.7,33772.54688,33797.59766,35020.86328,32783.24609,,1,,
502,34477.9,34049.42578,34088.70313,35325.30078,33058.67578,,1,,
503,34650.6,34112.70313,34150.84766,35399.32422,33112.62891,,1,,
504,35423.8,34115.51172,34156.14844,35408.76563,33109.25,,0,,
505,34931.4,34700.94531,34767.62891,36014.23047,33710.43359,,1,,
506,34718.7,34709.60156,34763.85156,36018.14453,33702.15234,,1,,
507,35065.8,34250.52344,34292.44531,35551.62109,33218.66016,,1,,
508,35019.4,34612.33203,34682.80469,35930.03516,33599.25781,,1,,
509,35042,34620.45313,34687.67578,35935.92188,33609.86328,,1,,
510,35426.1,34665.13672,34734.96875,35979.46484,33660.80469,,1,,
511,35636.9,34937.39844,35019.5,36259.32422,33946.76172,,1,,
512,36700.5,35275.80078,35362.9375,36601.42578,34295.72266,,0,,
513,37303,36431.06641,36548.95703,37780.71484,35485.86328,,1,,
514,37150.5,36772.35156,36870.75,38121.05859,35817.03906,,1,,
515,37064.4,36786.08984,36871.03906,38136.01953,35807.01953,,1,,
516,36478.3,36662.60938,36744.59375,38018.28516,35663.67578,,1,,
517,35549.3,36340.42969,36419.34375,37702.35547,35320.90234,,1,,
518,37874.9,35314.71875,35376.88281,36676.30859,34255.96484,,0,,
519,36161.2,36773.74219,36923.79688,38200.71875,35780.48828,,1,,
520,36595.4,36124.375,36215.83984,37525.91797,35081.10156,,1,,
521,36568.6,36016.10547,36116.84766,37422.37109,34968.92578,,1,,
522,37354.2,36164.41797,36273.83203,37574.30078,35129.125,,1,,
523,37454.1,36743.36328,36870.08984,38159.92188,35736.48828,,1,,
524,35813.6,37002.17969,37120.01953,38409.63672,36000.75781,,0,,
525,37410.8,35960.48828,36035.63672,37339.58984,34912.61328,,0,,
526,37293.1,36660.97266,36795.05078,38080.32031,35654.125,,1,,
527,37717.3,36924.48828,37050.05859,38344.82813,35923.46094,,1,,
528,37787,37433.90234,37564.73438,38856.60547,36447.72656,,1,,
529,37451.8,37386.27344,37499.24609,38797.92969,36393.28125,,1,,
530,37248.6,37069.71484,37172.82031,38475.85547,36062.47266,,1,,
531,37823.3,36770.95313,36876.26953,38179.24219,35754.82422,,1,,
532,37855.5,37318.21094,37454.06641,38746.78516,36325.55078,,1,,
533,37712.9,37549.53516,37677.76563,38974.19531,36559.72266,,1,,
534,38688.2,37371.51563,37485.36328,38787.00781,36371.29297,,1,,
535,39458.4,38072.92969,38216.17969,39508.86328,37098.30859,,1,,
536,39970.2,38938.84375,39090.70313,40384.86328,37981.44922,,1,,
537,41987.8,39472.60156,39614.99219,40917.98828,38509.98047,,0,,
538,44076.2,41259.19141,41444.63672,42742.16797,40329.44531,,0,,
539,43776.3,43202.71094,43402.1875,44717.6875,42279.41406,,1,,
540,43289.7,43487.51953,43636.42188,44994.63672,42493.51563,,1,,
541,44175.5,42871.02734,43004.14063,44393,41802.5625,,1,,
542,43718.4,43640.0625,43833.62109,45225.86328,42573.98047,,1,,
543,43791,43355.69922,43534.48438,44959.78516,42254.60547,,1,,
544,41256.1,43266.51172,43459.60938,44894.84766,42156.93359,,0,,
545,41487,40887.3125,41029.46094,42504.85547,39684.5625,,1,,
546,42884.5,40882.75781,41099.98047,42550.04297,39710.94922,,0,,
547,43025.9,41946.74609,42210.84375,43645.69922,40838.34766,,1,,
548,41929,42214.35156,42451.99219,43891.09766,41114.01953,,1,,
549,42271.7,41627.87891,41830.45703,43268.92188,40505.41406,,1,,
550,41368.7,41722.34375,41944.99219,43362.32031,40624.30859,,1,,
551,42659.7,41073.5625,41277.23047,42694.17578,39970.67969,,1,,
552,42259.3,41570.40234,41815.71094,43212.75391,40508.63672,,1,,
553,43662.8,42063.55469,42305.51172,43699.12891,41018.65234,,1,,
554,43865.9,43032.17969,43288.9375,44671.60156,42020.82422,,1,,
555,43968.9,43362.32422,43596.76172,44989.99219,42346.98438,,1,,
556,43710.4,43428.16016,43654.125,45052.66406,42401.04297,,1,,
557,42981.5,43110.41797,43329.03906,44734.97266,42061.91406,,1,,
558,43578.5,42590.92969,42808.41797,44219.64844,41520.39844,,1,,
559,42513.3,42879.12109,43126.78516,44529.89844,41827.02344,,1,,
560,43446.5,41953.14844,42169.82422,43591.55859,40864.60938,,1,,
561,42581.1,42645.32031,42909.11719,44312.54297,41591.39063,,1,,
562,42072.4,42280.29688,42511.90234,43927.57422,41209.09375,,1,,
563,42136.7,41570.84766,41789.26953,43207.39844,40481.71875,,1,,
564,42272.5,41547.22656,41784.47656,43192.32422,40475.62891,,1,,
565,44183.4,41867.82031,42112.89063,43511.08594,40824.39453,,0,,
566,44943.7,43210.23828,43487.54688,44868.81641,42222.52734,,0,,
567,42836.1,44683.54688,44956.12891,46337.10938,43724.41016,,0,,
568,44157,42197.88672,42367.89844,43803.35156,41106.17578,,0,,
569,44156.9,43528.47266,43810.14453,45214.59375,42479.65625,,1,,
570,43967.9,43161.23438,43409.71094,44843.36328,42078.20313,,1,,
571,43927.3,43361.14844,43617.36328,45048.51953,42272.51953,,1,,
572,46962.2,43484.99609,43737.6875,45164.44531,42399.32813,,0,,
573,46129,45680.66406,46005.39453,47408.73047,44667.57422,,1,,
574,46629.3,45950.15625,46214.44141,47652.89063,44895.6875,,1,,
575,46348.2,45670.11328,45928.30078,47381.33984,44571.76172,,1,,
576,42835.9,46521.10938,46818.26172,48272.41797,45426.83203,,0,,
577,42851.3,42464.50781,42646.00391,44174.49609,41203.76563,,1,,
578,41746.1,42239.85938,42531.80469,44029.64844,41018.33984,,1,,
579,42510.7,41460.44531,41741.07031,43243.72266,40259.50391,,1,,
580,43145.5,42004.48047,42312.125,43786.77344,40880.90625,,1,,
581,42768.7,42429.55859,42723.07422,44182.17578,41360.36719,,1,,
582,41292.7,42116.39844,42374.36328,43822.94922,41058.40234,,1,,
583,41648,40876.9375,41101.28516,42543.74219,39791.58203,,1,,
584,41695.4,40821.42188,41079.73828,42495.76563,39762.25,,1,,
585,41583.2,41159.97266,41424.46094,42822.15625,40132.52734,,1,,
586,39556.4,41099.0625,41342.42578,42728.81641,40084.21484,,0,,
587,39888.8,39478.58984,39668.14063,41063.34766,38414.41406,,1,,
588,40086,38977.64063,39196.86719,40575.14063,37925.53516,,1,,
589,39935.7,39581.66016,39828.62109,41187.98047,38573.25,,1,,
590,41811.3,39407.22266,39623.13281,40979.39453,38402.46875,,0,,
591,42120.9,40990.22266,41250.97266,42580.47656,40048.23828,,1,,
592,42030.7,41539.19531,41761.75,43100.57031,40592.17188,,1,,
593,43299.8,41722.19141,41923.06641,43267.39453,40754.46094,,0,,
594,42946.2,42481.63672,42702.46094,44044.90234,41519.17188,,1,,
595,42580.5,42706.4375,42911.4375,44271.72656,41717.89063,,1,,
596,43081.4,42328.02344,42518.55078,43896.91016,41302.10938,,1,,
597,43194.7,42264.73047,42473.26953,43861.65234,41225.78125,,1,,
598,43005.7,42627.15234,42851.25781,44245.96484,41589,,1,,
599,42581.4,42547.49609,42758.92578,44162.94922,41496.875,,1,,
600,42697.2,42090.03125,42290.79688,43700.87891,41022.32031,,1,,
601,43087.7,42312.29688,42535.52734,43937.58203,41261.21094,,1,,
602,44339.8,42503.01953,42729.28906,44131.59766,41465.75391,,0,,
603,45293.3,43450.78125,43702.77734,45096.67188,42445.875,,0,,
604,47127.5,44733.27734,44993.12891,46384.22656,43752.11719,,0,,
605,47758.2,46608.17578,46887.95313,48276.9375,45655.26563,,1,,
606,48277.3,47153.74219,47399.02734,48818.52734,46165.15234,,1,,
607,49941.3,47636.99219,47890.22656,49324.85938,46620.01172,,0,,
608,49716,48993.48828,49295.26563,50735.15234,47980.07422,,1,,
609,51782.4,48822.49219,49101.60547,50579.78516,47743.63281,,0,,
610,51901.3,50801.19531,51160.51953,52626.85156,49746.50781,,1,,
611,52134.2,51449.53516,51783.60156,53283.51563,50360.60547,,1,,
612,51646,51319.95703,51651.64453,53170.88281,50195.51172,,1,,
613,52117.5,50543.28906,50888.09766,52423.49609,49377.46484,,1,,
614,51783.6,51271.48828,51679.31641,53198.60938,50131.92578,,1,,
615,52263.5,51135.55469,51531.20313,53059.58594,49992.92969,,1,,
616,51858.2,51200.33203,51616.70313,53140.45313,50071.1875,,1,,
617,51320.4,50708.27344,51121.92578,52651.46094,49566.23828,,1,,
618,50740.5,50541.02734,50969.32813,52486.26563,49405.67969,,1,,
619,51571.6,49955.20313,50378.66016,51889.20703,48822.53516,,1,,
620,51722.7,50607.875,51068.75391,52556.26953,49529.47656,,1,,
621,54495.1,50877.36328,51323.09375,52808.94922,49823.90625,,0,,
622,57056.2,53171.47266,53677.95313,55136.78516,52195.72656,,0,,
623,62467.6,56291.78516,56806.14453,58266.92578,55368.78906,,0,,
624,61169.3,60957.10547,61514.03516,62972.17969,60086.83594,,1,,
625,62397.7,60483.58984,60924.74219,62476.84375,59446.76172,,1,,
626,61994.5,61003.14844,61552.35547,63089.17969,59922.80859,,1,,
627,63135.8,60616.11719,61214.65234,62773.37891,59485.26563,,0,,
628,68270.1,61588.07422,62271.54297,63820.95703,60476.97266,,0,,
629,63792.6,66933.19531,67731.83594,69260.89844,65956.51563,,0,,
630,66080.4,60997.84766,61595.72266,63246.75391,59725.85547,,0,,
631,66855.3,65289.81641,66192.60938,67737.28906,64153.40625,,1,,
632,68172,65448.10547,66252.07813,67851.6875,64289.86719,,0,,
633,68366.5,66872.79688,67715.41406,69303.09375,65770.03906,,1,,
634,68964.8,66397.625,67217.07031,68812.40625,65295.80078,,0,,
635,72099.1,67470.05469,68355.60938,69909.85156,66436.625,,0,,
636,71470.2,69728.57031,70674.59375,72203.0625,68773.73438,,1,,
637,73066.3,68778.47656,69685.32813,71230.875,67754.82813,,0,,
638,71387.5,71464.64063,72479.27344,73965.77344,70517.51563,,1,,
639,69463.7,67906.20313,68860.70313,70369.51563,66830.40625,,1,,
640,65314.2,66535.04688,67633.0625,69091.54688,65423.89844,,0,,
641,68391.2,63824.53516,64916.01563,66364.98438,62635.88281,,0,,
642,67594.1,66455.11719,67647.6875,69050.52344,65417.61719,,1,,
643,62050,65736.25,66776.99219,68230.97656,64700.05859,,0,,
644,67854,60061.52344,61007.76172,62480.90234,58894.10938,,0,,
645,65503.8,65837.96094,67060.19531,68440.10156,64944.71875,,1,,
646,63785.5,63844.33203,64804.40234,66276.24219,62847.76953,,1,,
647,64037.8,61685.75391,62644.60156,64100.91797,60650.72656,,1,,
648,67211.9,63039.78516,64066.48828,65491.56641,62094,,0,,
649,69892,65391.64063,66400.9375,67822.3125,64537.17578,,0,,
650,69999.3,68420.82031,69387.54688,70822.02344,67625.59375,,1,,
651,69442.4,68296.49219,69174.20313,70635.03906,67444.84375,,1,,
652,70762.1,67397.38281,68317.65625,69767.63281,66502.32813,,0,,
653,69871.7,68850.67188,69868.66406,71290.5625,67993.51563,,1,,
654,69611.5,67403.97656,68379.36719,69824.48438,66474.36719,,1,,
655,71332,67831.17969,68859.07031,70276.42969,66921.42188,,0,,
656,69664.4,69215.52344,70256.98438,71662.20313,68357.59375,,1,,
657,65439.2,66812.74219,67788.85156,69217.63281,65868.24219,,0,,
658,65963,63178.41406,64185.47266,65600.1875,62129.91797,,0,,
659,68496.5,64302.51953,65419.63672,66789.80469,63337.70703,,0,,
660,67830.6,66774.64063,67859.82031,69239.625,65903.86719,,1,,
661,68890.6,65243.42969,66194.54688,67615.35938,64312.9375,,0,,
662,69360.4,67434.35938,68449.01563,69838.49219,66588.09375,,1,,
663,71630.1,67638.55469,68591.02344,69992.58594,66794.9375,,0,,
664,69148,69882.09375,70884.09375,72269.92969,69108.60156,,1,,
665,70622.1,66406.39844,67329.23438,68756.13281,65491.60156,,0,,
666,70011.6,68282.5,69376.30469,70750.15625,67431.51563,,1,,
667,67151.9,68256.94531,69287.28906,70684.125,67369.92188,,0,,
668,63849.9,64748.72656,65741.59375,67150.02344,63747.62109,,1,,
669,65697.4,61129.73438,62184.25391,63587.79297,60037.50781,,0,,
670,63411.9,63807.05859,64979.66016,66348.17188,62834.35547,,1,,
671,63805.3,62020.60156,63015.25391,64434.96094,60986.08984,,1,,
672,61278.9,61495.44922,62486.21484,63898.61719,60495.10547,,1,,
673,63481.4,59649.70703,60591.77734,62018.07813,58623.87891,,0,,
674,63799.1,62038.10156,63044.67969,64438.35547,61135.10938,,1,,
675,64961.1,61342.09375,62251.45313,63679.58594,60406.81641,,0,,
676,64940.2,63641.93359,64576.85156,65990.54688,62765.91406,,1,,
677,66829.3,63236.90625,64086.01563,65518.38672,62326.46484,,0,,
678,66415,65124.96875,66026.85938,67439.80469,64269.73047,,1,,
679,64285.7,64613.98828,65460.80078,66896.32031,63711.76953,,1,,
680,64497.1,62467.63281,63317.49219,64757.38672,61485.91016,,1,,
681,63766.4,62577.21875,63508.80469,64927.41016,61611.875,,1,,
682,63456.8,62255.56641,63160.88281,64590.54688,61281.86328,,1,,
683,63109.7,61469.04688,62349.65625,63782.13672,60488.65625,,1,,
684,63860.1,61963.94922,62848.67578,64271.89453,61023.52734,,1,,
685,60666.6,61711.41797,62569.76563,63996.65625,60781.96094,,0,,
686,58331.2,59112.94922,59927.37109,61376.20313,58096.85547,,1,,
687,59121.3,56303.40625,57136.14063,58585.43359,55217.94141,,0,,
688,62877.5,57645.80469,58560.22266,59980.96094,56645.67969,,0,,
689,63888.3,61647.82031,62562.98047,63973.54688,60781.54688,,1,,
690,64006.4,62600.33203,63365.85547,64820.30469,61720.70703,,1,,
691,63163.1,62173.89453,62905.17969,64369.26953,61259.17969,,1,,
692,62317.7,62121.96875,62892.44531,64347.93359,61193.40234,,1,,
693,61207.5,61079.77734,61859.04297,63319.12109,60115.25781,,1,,
694,63075,59733.17188,60529.41016,61996.46875,58737.59375,,0,,
695,60796.9,61493.45703,62365.60547,63809.30469,60572.45703,,1,,
696,60826.6,59376.87109,60140.65625,61629.39453,58367.16016,,1,,
697,61480,59475.79297,60283.94531,61749.88281,58494.19141,,1,,
698,62937.2,60099.01172,60902.53125,62362.51172,59160.125,,0,,
699,61569.4,61359.8125,62158.21094,63612.00781,60465.91797,,1,,
700,66225.1,60053.03516,60781.79297,62256.54297,59100.36719,,0,,
701,65231,64652.88672,65530.5,66949.67188,63844.33203,,1,,
702,67036.8,63660.47266,64387.22266,65876.5625,62741.69531,,0,,
703,66917.5,65376.67188,66194.36719,67652.19531,64488.56641,,1,,
704,66279.1,65203.77344,65999.29688,67478.33594,64274.53906,,1,,
705,71422.7,64610.87109,65435.38281,66907.02344,63650.99609,,0,,
706,70139.9,69671.03906,70646.01563,72073.11719,68856.85156,,1,,
707,69155.4,67987.79688,68802.52344,70312.51563,67031.98438,,1,,
708,67975.7,67169.4375,68067.65625,69544.92188,66179.52344,,1,,
709,68547.6,65687.99219,66642.1875,68107.49219,64660.26172,,0,,
710,69284.4,66572.80469,67598.64844,69038.86719,65588.95313,,0,,
711,68514.8,67626.26563,68621.85156,70065.22656,66683.82813,,1,,
712,69428.7,66384.82813,67319.89844,68772.96875,65422.66016,,0,,
713,68366,67941.22656,68943.65625,70360.72656,67064.98438,,1,,
714,67635.8,65686.03906,66624.65625,68062.73438,64749.91016,,1,,
715,68354.7,65891.38281,66900.83594,68306.82031,64988.73828,,0,,
716,67530.1,66664.07813,67677.46875,69069.91406,65803.29688,,1,,
717,67760.8,65360.05469,66322.71875,67729.8125,64465.48438,,0,,
718,67773.5,65895.80469,66892.4375,68279.86719,65041.84766,,1,,
719,68807.8,65916.17188,66887.96094,68272.42969,65076.98438,,0,,
720,70549.2,67356.78906,68343.89063,69715.84375,66572.11719,,0,,
721,71083.7,68486.23438,69453.23438,70836.72656,67723.01563,,0,,
722,70791.5,69229.34375,70181.34375,71573.82031,68461.32031,,1,,
723,69347.9,68387.04688,69337.60156,70730.86719,67573.00781,,1,,
724,69310.1,67372.3125,68369.35938,69751.65625,66515.3125,,1,,
725,69650.6,67210.33594,68244.48438,69614.11719,66353.67188,,0,,
726,69538.2,67628.32031,68663.52344,70031.375,66794.66406,,1,,
727,67319.8,67552.03906,68557.21875,69928.82813,66723.8125,,1,,
728,68260.1,64622.82422,65595.8125,66976.57031,63712.02344,,0,,
729,66773.1,67217.54688,68308.16406,69646.3125,66413.72656,,1,,
730,66034.8,64313.08984,65266.10938,66656.83594,63411.78906,,1,,
731,66223,64089.92969,65107.40625,66477.23438,63212.49609,,1,,
732,66674.7,64502.68359,65505.63672,66871.42188,63659.41016,,1,,
733,65654.8,64841.23438,65806.75,67173.89063,64026.16016,,1,,